word,aoa,dale_chall,source
a,2.89,yes,kuperman
about,5.07,yes,kuperman
again,5.78,yes,kuperman
air,3.94,yes,kuperman
all,4.24,yes,kuperman
am,5.11,yes,kuperman-lemma
an,2.89,yes,kuperman-lemma
ana,,no,estimated:name
and,4.57,yes,kuperman
any,6.00,yes,kuperman
apple,4.15,yes,kuperman
are,5.11,yes,kuperman-lemma
arm,3.26,yes,kuperman
art,6.21,yes,kuperman
artist,6.78,yes,kuperman
as,6.10,yes,kuperman
asks,2.89,yes,kuperman-lemma
asleep,4.47,yes,kuperman
at,4.04,yes,kuperman
ate,2.78,yes,kuperman-lemma
away,5.07,yes,kuperman
ax,6.32,yes,kuperman
baby,3.84,yes,kuperman
back,5.31,yes,kuperman
backpack,5.38,no,kuperman
backs,5.31,yes,kuperman-lemma
bad,2.79,yes,kuperman
badge,6.11,yes,kuperman
bag,4.28,yes,kuperman
bake,5.50,yes,kuperman
ball,2.90,yes,kuperman
band,6.16,yes,kuperman
bang,5.74,yes,kuperman
bank,6.44,yes,kuperman
barn,4.50,yes,kuperman
bat,4.85,yes,kuperman
bath,3.23,yes,kuperman
baths,3.23,yes,kuperman-lemma
bats,4.85,yes,kuperman-lemma
be,5.11,yes,kuperman
beach,4.80,yes,kuperman
beak,5.42,no,kuperman
bean,3.42,yes,kuperman
beans,3.42,yes,kuperman-lemma
bear,3.58,yes,kuperman
beard,4.84,yes,kuperman
bed,2.89,yes,kuperman
beds,2.89,yes,kuperman-lemma
bee,5.00,yes,kuperman
been,5.11,yes,kuperman-lemma
before,5.45,yes,kuperman
beg,5.78,yes,kuperman
behind,4.90,yes,kuperman
bell,3.89,yes,kuperman
belt,4.62,yes,kuperman
ben,,no,estimated:name
bend,5.56,yes,kuperman
bent,5.56,yes,kuperman-lemma
best,4.09,yes,kuperman
beth,,no,estimated:name
bicycle,4.26,yes,kuperman
bid,9.84,yes,kuperman
big,2.89,yes,kuperman
bigger,2.89,yes,kuperman-lemma
biggest,2.89,yes,kuperman-lemma
bike,4.79,no,kuperman
bill,6.42,yes,kuperman
bin,4.68,yes,kuperman
bins,4.68,yes,kuperman-lemma
bird,3.52,yes,kuperman
birds,3.52,yes,kuperman-lemma
bit,6.47,yes,kuperman
bite,3.58,yes,kuperman
black,3.56,yes,kuperman
blew,4.00,yes,kuperman-lemma
blind,7.00,yes,kuperman
blob,6.16,no,kuperman
block,4.79,yes,kuperman
blot,8.38,yes,kuperman
blow,4.00,yes,kuperman
blue,3.53,yes,kuperman
boat,3.84,yes,kuperman
bob,6.16,yes,kuperman
bog,9.37,no,kuperman
boil,6.60,yes,kuperman
bold,9.21,yes,kuperman
bolt,7.28,no,kuperman
bone,5.53,yes,kuperman
book,3.68,yes,kuperman
boot,3.89,yes,kuperman
born,4.68,yes,kuperman
boss,6.16,yes,kuperman
both,4.77,yes,kuperman
bottle,3.56,yes,kuperman
bottom,5.28,yes,kuperman
bought,5.56,yes,kuperman-lemma
bowl,4.26,yes,kuperman
box,4.30,yes,kuperman
boxes,4.30,yes,kuperman-lemma
boy,3.67,yes,kuperman
brag,7.79,no,kuperman
brave,6.00,yes,kuperman
bread,3.58,yes,kuperman
break,5.30,yes,kuperman
brick,6.43,yes,kuperman
bridge,5.58,yes,kuperman
bright,6.58,yes,kuperman
brim,10.68,no,kuperman
brook,8.42,yes,kuperman
broom,5.50,yes,kuperman
brought,4.42,yes,kuperman-lemma
brown,4.20,yes,kuperman
bud,7.01,yes,kuperman
budge,9.25,no,kuperman
buds,7.01,yes,kuperman-lemma
bug,3.79,yes,kuperman
bugs,3.79,yes,kuperman-lemma
built,4.45,yes,kuperman-lemma
bull,4.53,yes,kuperman
bump,4.35,yes,kuperman
bumped,4.35,yes,kuperman-lemma
bumps,4.35,yes,kuperman-lemma
bun,5.79,yes,kuperman
buns,5.79,yes,kuperman-lemma
burn,4.72,yes,kuperman
bus,3.85,yes,kuperman
but,4.60,yes,kuperman
button,4.78,yes,kuperman
buzz,7.10,yes,kuperman
by,5.41,yes,kuperman
cage,5.06,yes,kuperman
cake,3.26,yes,kuperman
call,4.74,yes,kuperman
came,3.32,yes,kuperman-lemma
camp,5.78,yes,kuperman
camping,5.33,yes,kuperman
can,4.32,yes,kuperman
candle,5.37,yes,kuperman
cannot,4.83,yes,kuperman
cap,5.53,yes,kuperman
car,3.37,yes,kuperman
card,6.20,yes,kuperman
cash,4.84,yes,kuperman
cast,7.24,no,kuperman
cat,3.68,yes,kuperman
catch,4.61,yes,kuperman
catches,4.61,yes,kuperman-lemma
catnip,6.89,no,kuperman
caught,4.61,yes,kuperman-lemma
cave,6.74,yes,kuperman
chad,,no,estimated:name
chain,5.22,yes,kuperman
chair,3.43,yes,kuperman
check,5.53,yes,kuperman
checks,5.53,yes,kuperman-lemma
chef,8.30,no,kuperman
chest,5.05,yes,kuperman
chew,4.05,yes,kuperman
child,5.15,yes,kuperman
chill,6.40,yes,kuperman
chin,4.22,yes,kuperman
chip,5.89,yes,kuperman
chips,5.89,yes,kuperman-lemma
chop,6.74,yes,kuperman
chops,6.74,yes,kuperman-lemma
chum,9.24,no,kuperman
city,6.56,yes,kuperman
clap,3.40,yes,kuperman
claps,3.40,yes,kuperman-lemma
class,4.95,yes,kuperman
claw,4.70,yes,kuperman
clay,5.32,yes,kuperman
clean,3.89,yes,kuperman
clear,5.80,yes,kuperman
climb,5.30,yes,kuperman
clip,6.61,yes,kuperman
clock,4.42,yes,kuperman
close,4.50,yes,kuperman
cloth,5.30,yes,kuperman
cloud,3.63,yes,kuperman
clown,3.72,yes,kuperman
club,5.89,yes,kuperman
coat,3.58,yes,kuperman
cob,6.52,yes,kuperman
cod,11.50,yes,kuperman
coil,9.67,no,kuperman
coin,4.17,yes,kuperman
coins,4.17,yes,kuperman-lemma
cold,3.95,yes,kuperman
collar,6.56,yes,kuperman
colt,8.98,yes,kuperman
come,3.32,yes,kuperman
comes,3.32,yes,kuperman-lemma
cone,4.67,yes,kuperman
cook,4.22,yes,kuperman
cool,4.58,yes,kuperman
corn,4.61,yes,kuperman
cost,5.67,yes,kuperman
cot,7.53,yes,kuperman
count,2.61,yes,kuperman
cow,3.94,yes,kuperman
crab,5.28,yes,kuperman
crack,6.33,yes,kuperman
creature,7.32,no,kuperman
crept,8.00,yes,kuperman-lemma
crew,7.56,no,kuperman
crib,6.05,no,kuperman
cried,2.78,yes,kuperman-lemma
crop,7.63,yes,kuperman
cross,4.74,yes,kuperman
crow,5.74,yes,kuperman
crowd,7.14,yes,kuperman
crown,7.80,yes,kuperman
crust,5.95,yes,kuperman
cry,2.78,yes,kuperman
cub,5.40,yes,kuperman
cube,7.32,no,kuperman
cuff,8.44,yes,kuperman
cup,3.57,yes,kuperman
cups,3.57,yes,kuperman-lemma
curl,6.39,yes,kuperman
curls,6.39,yes,kuperman-lemma
cut,4.43,yes,kuperman
cute,4.26,yes,kuperman
cuts,4.43,yes,kuperman-lemma
dad,2.58,yes,kuperman
dads,2.58,yes,kuperman-lemma
damp,7.67,yes,kuperman
dan,,no,estimated:name
dark,3.74,yes,kuperman
dash,7.74,yes,kuperman
dashes,7.74,yes,kuperman-lemma
date,5.84,yes,kuperman
daughter,4.95,yes,kuperman
day,3.50,yes,kuperman
dear,5.55,yes,kuperman
deb,,no,estimated:name
deck,6.45,yes,kuperman
deep,5.47,yes,kuperman
den,5.70,yes,kuperman
did,3.60,yes,kuperman-lemma
dig,4.19,yes,kuperman
digs,4.19,yes,kuperman-lemma
dill,8.20,no,kuperman
dim,7.06,yes,kuperman
dime,5.74,yes,kuperman
dip,7.00,yes,kuperman
dips,7.00,yes,kuperman-lemma
dirt,3.83,yes,kuperman
dish,4.89,yes,kuperman
dishes,4.89,yes,kuperman-lemma
dislikes,5.42,yes,kuperman-lemma
distrusts,10.10,no,kuperman-lemma
ditch,6.22,yes,kuperman
dive,7.21,yes,kuperman
do,3.60,yes,kuperman
dock,8.22,yes,kuperman
does,3.60,yes,kuperman-lemma
dog,2.80,yes,kuperman
dogs,2.80,yes,kuperman-lemma
doll,3.68,yes,kuperman
dollar,5.06,yes,kuperman
door,3.05,yes,kuperman
dot,4.33,yes,kuperman
dots,4.33,yes,kuperman-lemma
down,4.93,yes,kuperman
draw,4.11,yes,kuperman
dream,4.88,yes,kuperman
drew,5.41,yes,kuperman
drip,5.89,yes,kuperman
dripped,5.89,yes,kuperman-lemma
drive,5.26,yes,kuperman
drop,3.26,yes,kuperman
dropped,3.26,yes,kuperman-lemma
drops,3.26,yes,kuperman-lemma
drum,4.63,yes,kuperman
dry,4.11,yes,kuperman
duck,3.50,yes,kuperman
dug,4.19,yes,kuperman-lemma
duke,7.89,no,kuperman
dull,8.05,yes,kuperman
dump,6.58,yes,kuperman
dumped,6.58,yes,kuperman-lemma
dust,5.06,yes,kuperman
dusty,4.74,yes,kuperman
ear,3.63,yes,kuperman
east,6.94,yes,kuperman
eat,2.78,yes,kuperman
edge,6.17,yes,kuperman
end,4.28,yes,kuperman
every,4.20,yes,kuperman
eyes,3.44,yes,kuperman
face,3.75,yes,kuperman
fair,5.67,yes,kuperman
fall,4.71,yes,kuperman
falls,4.71,yes,kuperman-lemma
fan,5.63,yes,kuperman
far,4.88,yes,kuperman
farm,3.85,yes,kuperman
farmer,4.74,yes,kuperman
fast,3.74,yes,kuperman
faster,3.74,yes,kuperman-lemma
fastest,3.74,yes,kuperman-lemma
fate,10.30,no,kuperman
fax,9.68,no,kuperman
fear,4.79,yes,kuperman
feather,4.67,yes,kuperman
fed,5.68,yes,kuperman
feet,3.44,yes,kuperman-lemma
fell,3.28,yes,kuperman
felt,6.10,yes,kuperman
fern,8.67,no,kuperman
fetch,6.61,no,kuperman
fetches,6.61,no,kuperman-lemma
few,6.00,yes,kuperman
fig,8.06,yes,kuperman
figs,8.06,yes,kuperman-lemma
fill,5.06,yes,kuperman
filled,5.06,yes,kuperman-lemma
fills,5.06,yes,kuperman-lemma
film,6.95,yes,kuperman
fin,7.30,no,kuperman
find,5.78,yes,kuperman
finds,5.78,yes,kuperman-lemma
fine,7.44,yes,kuperman
first,4.39,yes,kuperman
fish,4.05,yes,kuperman
fishing,4.72,yes,kuperman
fist,4.58,yes,kuperman
fit,5.74,yes,kuperman
fits,5.74,yes,kuperman-lemma
five,4.51,yes,kuperman
fix,5.00,yes,kuperman
fixable,8.32,no,kuperman
fixed,5.00,yes,kuperman-lemma
fixes,5.00,yes,kuperman-lemma
fizz,7.06,no,kuperman
flag,5.33,yes,kuperman
flame,6.25,yes,kuperman
flat,5.68,yes,kuperman
flew,3.05,yes,kuperman-lemma
flip,5.11,yes,kuperman
flips,5.11,yes,kuperman-lemma
flop,6.68,yes,kuperman
flow,7.40,yes,kuperman
flower,3.11,yes,kuperman
fly,3.05,yes,kuperman
fog,6.21,yes,kuperman
fold,4.95,yes,kuperman
food,3.25,yes,kuperman
foolish,8.94,yes,kuperman
foot,3.44,yes,kuperman
for,4.39,yes,kuperman
fort,6.48,yes,kuperman
found,5.15,yes,kuperman
fox,5.02,yes,kuperman
foxes,5.02,yes,kuperman-lemma
frame,7.67,yes,kuperman
free,5.21,yes,kuperman
fresh,6.22,yes,kuperman
frog,4.32,yes,kuperman
from,4.44,yes,kuperman
frown,4.52,yes,kuperman
fruit,3.63,yes,kuperman
fry,5.79,yes,kuperman
fudge,5.78,yes,kuperman
full,4.24,yes,kuperman
fun,3.67,yes,kuperman
funniest,5.47,no,kuperman-lemma
funny,5.47,yes,kuperman
fuss,5.50,no,kuperman
game,4.26,yes,kuperman
gap,8.22,no,kuperman
gasps,8.05,no,kuperman-lemma
gate,5.32,yes,kuperman
gave,4.28,yes,kuperman-lemma
gem,7.68,no,kuperman
get,3.17,yes,kuperman
gets,3.17,yes,kuperman-lemma
ghost,5.06,no,kuperman
gill,7.39,no,kuperman
girl,4.00,yes,kuperman
gives,4.28,yes,kuperman-lemma
glad,5.79,yes,kuperman
gladness,8.00,no,kuperman
glow,6.28,yes,kuperman
glue,4.67,yes,kuperman
go,3.37,yes,kuperman
goat,5.21,yes,kuperman
goes,3.37,yes,kuperman-lemma
gold,7.10,yes,kuperman
gone,3.37,yes,kuperman-lemma
good,3.55,yes,kuperman
got,3.17,yes,kuperman-lemma
grab,5.37,yes,kuperman
grabbed,5.37,yes,kuperman-lemma
grabs,5.37,yes,kuperman-lemma
grace,7.29,no,kuperman
gran,,no,estimated:informal
graph,8.16,no,kuperman
grass,3.94,yes,kuperman
gray,5.74,yes,kuperman
great,5.05,yes,kuperman
green,3.79,yes,kuperman
greenish,7.11,no,kuperman
grew,4.79,yes,kuperman-lemma
grin,5.84,no,kuperman
grinned,5.84,no,kuperman-lemma
grinning,5.84,no,estimated:inflection
grins,5.84,no,kuperman-lemma
grip,6.70,no,kuperman
ground,4.89,yes,kuperman
group,5.94,yes,kuperman
grow,4.79,yes,kuperman
growl,5.79,no,kuperman
gum,4.89,yes,kuperman
gus,,no,estimated:name
gust,8.12,no,kuperman
had,3.72,yes,kuperman-lemma
hal,,no,estimated:name
hall,5.35,yes,kuperman
ham,4.10,yes,kuperman
hana,,no,estimated:name
hand,2.74,yes,kuperman
handle,6.30,yes,kuperman
hands,2.74,yes,kuperman-lemma
hang,6.68,yes,kuperman
happiest,2.72,no,kuperman-lemma
happy,2.72,yes,kuperman
hard,4.39,yes,kuperman
has,3.72,yes,kuperman-lemma
hat,3.33,yes,kuperman
haul,7.58,yes,kuperman
have,3.72,yes,kuperman
he,3.81,yes,kuperman
head,3.42,yes,kuperman
hear,3.80,yes,kuperman
heat,5.33,yes,kuperman
heavy,4.05,yes,kuperman
hedge,8.90,no,kuperman
held,4.67,yes,kuperman-lemma
help,3.65,yes,kuperman
helped,3.65,yes,kuperman-lemma
helpful,5.44,yes,kuperman
helping,3.65,yes,kuperman-lemma
helpless,8.32,no,kuperman
helps,3.65,yes,kuperman-lemma
hem,8.37,yes,kuperman
hen,6.39,yes,kuperman
hens,6.39,yes,kuperman-lemma
her,5.09,yes,kuperman
herd,7.74,yes,kuperman
hid,4.47,yes,kuperman-lemma
hide,4.47,yes,kuperman
hides,4.47,yes,kuperman-lemma
high,4.58,yes,kuperman
hike,9.40,no,kuperman
hill,3.47,yes,kuperman
hilltop,7.95,yes,kuperman
him,3.43,yes,kuperman
hip,6.17,yes,kuperman
his,3.69,yes,kuperman
hiss,6.33,yes,kuperman
hissed,6.33,yes,kuperman-lemma
hive,6.89,yes,kuperman
hoe,8.72,yes,kuperman
hog,5.70,yes,kuperman
hold,4.67,yes,kuperman
holds,4.67,yes,kuperman-lemma
hole,5.05,yes,kuperman
home,3.87,yes,kuperman
hood,5.50,yes,kuperman
hook,6.26,yes,kuperman
hop,4.84,yes,kuperman
hope,4.89,yes,kuperman
hopeless,8.20,yes,kuperman
hopped,4.84,yes,kuperman-lemma
hopping,4.84,yes,kuperman-lemma
hops,4.84,yes,kuperman-lemma
horn,4.84,yes,kuperman
host,8.05,yes,kuperman
hot,3.37,yes,kuperman
hotdog,4.55,no,kuperman
hottest,3.37,yes,kuperman-lemma
house,3.16,yes,kuperman
how,5.36,yes,kuperman
howl,5.55,yes,kuperman
hub,10.11,no,kuperman
huff,9.28,no,kuperman
hug,2.58,yes,kuperman
huge,4.90,yes,kuperman
hugs,2.58,yes,kuperman-lemma
hum,5.80,yes,kuperman
hums,5.80,yes,kuperman-lemma
hung,6.68,yes,kuperman-lemma
hunts,6.06,yes,kuperman-lemma
hush,4.44,yes,kuperman
hut,8.10,yes,kuperman
i,2.79,yes,kuperman
ice,3.86,yes,kuperman
if,5.36,yes,kuperman
illness,7.00,no,kuperman
in,3.69,yes,kuperman
inside,4.77,yes,kuperman
into,6.52,yes,kuperman
is,5.11,yes,kuperman-lemma
it,4.40,yes,kuperman
its,4.40,yes,estimated:inflection
jack,6.96,no,kuperman
jade,10.17,no,kuperman
jake,,no,estimated:name
jam,6.56,yes,kuperman
jane,,no,estimated:name
jar,5.44,yes,kuperman
jaw,5.33,yes,kuperman
jazz,8.50,no,kuperman
jen,,no,estimated:name
jet,5.39,no,kuperman
jig,8.70,yes,kuperman
jill,,no,estimated:name
job,5.39,yes,kuperman
jog,6.21,no,kuperman
jogs,6.21,no,kuperman-lemma
join,5.83,yes,kuperman
jolt,9.44,no,kuperman
josh,8.95,no,kuperman
joy,6.74,yes,kuperman
judge,8.85,yes,kuperman
jug,5.83,yes,kuperman
juice,4.40,yes,kuperman
jump,2.84,yes,kuperman
jumped,2.84,yes,kuperman-lemma
jumping,2.84,yes,kuperman-lemma
jumps,2.84,yes,kuperman-lemma
junk,6.62,yes,kuperman
just,7.01,yes,kuperman
kate,,no,estimated:name
keep,4.42,yes,kuperman
kid,4.28,yes,kuperman
kids,3.86,yes,kuperman
kim,,no,estimated:name
kind,4.89,yes,kuperman
kindly,4.89,yes,estimated:inflection
kindness,6.26,yes,kuperman
king,5.42,yes,kuperman
kiss,3.61,yes,kuperman
kit,6.55,no,kuperman
kite,4.58,yes,kuperman
kites,4.58,yes,kuperman-lemma
kits,6.55,no,kuperman-lemma
kitten,3.64,yes,kuperman
knee,4.42,yes,kuperman
knot,6.05,yes,kuperman
know,4.50,yes,kuperman
knows,4.50,yes,kuperman-lemma
kurt,,no,estimated:name
lad,7.35,yes,kuperman
lady,3.68,yes,kuperman
lake,4.61,yes,kuperman
lamb,4.15,yes,kuperman
lamp,4.00,yes,kuperman
land,5.22,yes,kuperman
landed,5.22,yes,kuperman-lemma
lands,5.22,yes,kuperman-lemma
lap,3.15,yes,kuperman
laps,3.15,yes,kuperman-lemma
last,4.35,yes,kuperman
late,5.28,yes,kuperman
launch,7.92,no,kuperman
law,8.33,yes,kuperman
leaf,4.60,yes,kuperman
least,3.95,yes,kuperman-lemma
led,6.76,yes,kuperman-lemma
left,5.57,yes,kuperman
leg,3.00,yes,kuperman
legs,3.00,yes,kuperman-lemma
lend,8.45,yes,kuperman
less,3.95,yes,kuperman-lemma
let,4.53,yes,kuperman
lets,4.53,yes,kuperman-lemma
lick,4.30,yes,kuperman
licked,4.30,yes,kuperman-lemma
licks,4.30,yes,kuperman-lemma
lid,5.95,yes,kuperman
lie,3.75,yes,kuperman
lift,4.74,yes,kuperman
lifted,4.74,yes,kuperman-lemma
lifts,4.74,yes,kuperman-lemma
light,4.05,yes,kuperman
lights,4.05,yes,kuperman-lemma
likable,7.00,no,kuperman
like,3.69,yes,kuperman
likes,3.69,yes,kuperman-lemma
lime,6.61,yes,kuperman
lin,,no,estimated:name
line,4.85,yes,kuperman
lip,3.79,yes,kuperman
list,5.58,yes,kuperman
lit,4.05,yes,kuperman-lemma
little,3.95,yes,kuperman
live,6.10,yes,kuperman
lived,6.10,yes,kuperman-lemma
liz,,no,estimated:name
load,7.78,yes,kuperman
lock,5.74,yes,kuperman
log,6.74,yes,kuperman
logs,6.74,yes,kuperman-lemma
long,4.24,yes,kuperman
look,4.05,yes,kuperman
looked,4.05,yes,kuperman-lemma
looks,4.77,yes,kuperman
lost,5.78,yes,kuperman-lemma
lot,6.26,yes,kuperman
lots,6.26,yes,estimated:inflection
loud,4.54,yes,kuperman
loudly,4.54,yes,estimated:inflection
low,4.70,yes,kuperman
luck,6.53,yes,kuperman
lucky,5.89,yes,kuperman
lump,5.89,yes,kuperman
lunch,3.61,yes,kuperman
mad,3.55,yes,kuperman
made,4.68,yes,kuperman-lemma
main,6.55,no,kuperman
make,4.68,yes,kuperman
mall,6.78,no,kuperman
man,3.11,yes,kuperman
many,4.60,yes,kuperman
map,5.60,yes,kuperman
mast,10.59,yes,kuperman
mat,4.62,yes,kuperman
match,5.72,yes,kuperman
math,5.56,no,kuperman
me,3.28,yes,kuperman
meadow,6.89,yes,kuperman
meal,4.74,yes,kuperman
mean,4.00,yes,kuperman
meat,4.42,yes,kuperman
meet,4.74,yes,kuperman
meg,,no,estimated:name
melt,5.47,yes,kuperman
men,3.11,yes,kuperman-lemma
mend,9.11,yes,kuperman
mess,4.28,yes,kuperman
met,4.74,yes,kuperman-lemma
mice,4.94,yes,kuperman-lemma
might,5.65,yes,kuperman-lemma
mike,6.78,no,kuperman
mild,8.05,no,kuperman
mile,7.65,yes,kuperman
milk,3.37,yes,kuperman
mill,8.17,yes,kuperman
mina,,no,estimated:name
mind,5.37,yes,kuperman
mine,4.24,yes,kuperman
miss,6.33,yes,kuperman
mission,9.95,no,kuperman
mist,6.95,no,kuperman
mistake,5.78,yes,kuperman
mitten,4.72,yes,kuperman
mix,5.11,yes,kuperman
mixed,5.11,yes,kuperman-lemma
mole,7.33,no,kuperman
mom,2.22,no,kuperman
moms,2.22,no,kuperman-lemma
moon,4.83,yes,kuperman
mop,5.11,yes,kuperman
mopped,5.11,yes,kuperman-lemma
more,3.78,yes,kuperman
most,4.58,yes,kuperman-lemma
moth,5.74,no,kuperman
motion,6.78,no,kuperman
mouse,4.94,yes,kuperman
mouth,3.58,yes,kuperman
move,4.62,yes,kuperman
much,4.58,yes,kuperman
mud,4.05,yes,kuperman
muff,10.35,no,kuperman
muffin,5.11,no,kuperman
mug,5.15,yes,kuperman
mule,5.65,yes,kuperman
munch,7.60,no,kuperman
music,3.81,yes,kuperman
must,4.58,yes,kuperman
my,2.72,yes,kuperman
name,3.68,yes,kuperman
named,3.68,yes,kuperman-lemma
nan,,no,estimated:name
nap,2.53,yes,kuperman
napkin,4.79,yes,kuperman
naps,2.53,yes,kuperman-lemma
near,5.41,yes,kuperman
neat,5.43,yes,kuperman
neck,3.00,yes,kuperman
ned,,no,estimated:name
need,3.56,yes,kuperman
nest,5.11,yes,kuperman
net,7.00,yes,kuperman
new,4.72,yes,kuperman
next,4.35,yes,kuperman
nice,3.95,yes,kuperman
nick,7.59,no,kuperman
night,3.61,yes,kuperman
nine,3.23,yes,kuperman
nip,7.94,no,kuperman
nips,7.94,no,kuperman-lemma
nita,,no,estimated:name
no,2.72,yes,kuperman
nod,5.62,yes,kuperman
nods,5.62,yes,kuperman-lemma
noise,4.50,yes,kuperman
noon,5.89,yes,kuperman
nose,2.95,yes,kuperman
not,3.89,yes,kuperman
note,6.40,yes,kuperman
now,5.25,yes,kuperman
nut,5.21,yes,kuperman
nuts,5.21,yes,kuperman-lemma
of,4.55,yes,kuperman
off,3.83,yes,kuperman
old,3.72,yes,kuperman
omar,,no,estimated:name
on,4.01,yes,kuperman
once,4.97,yes,kuperman
one,3.23,yes,kuperman
open,5.00,yes,kuperman
or,4.14,yes,kuperman
our,4.35,yes,kuperman
out,3.28,yes,kuperman
owl,6.21,yes,kuperman
own,5.21,yes,kuperman
ox,4.72,yes,kuperman
pack,6.55,yes,kuperman
packed,6.55,yes,kuperman-lemma
packs,6.55,yes,kuperman-lemma
pad,8.83,yes,kuperman
page,5.16,yes,kuperman
pain,4.26,yes,kuperman
paint,4.45,yes,kuperman
painter,5.60,yes,kuperman
painting,5.26,yes,kuperman
paints,4.45,yes,kuperman-lemma
pal,5.74,yes,kuperman
pals,5.74,yes,kuperman-lemma
pam,,no,estimated:name
pan,4.72,yes,kuperman
pants,3.23,yes,kuperman
park,4.47,yes,kuperman
part,5.11,yes,kuperman
past,6.78,yes,kuperman
pat,5.07,yes,kuperman
patch,7.28,yes,kuperman
path,6.11,yes,kuperman
pats,5.07,yes,kuperman-lemma
pavement,6.30,yes,kuperman
paw,5.89,yes,kuperman
payment,8.67,yes,kuperman
peach,4.21,yes,kuperman
peaches,4.21,yes,kuperman-lemma
pear,4.00,yes,kuperman
pears,4.00,yes,kuperman-lemma
peck,7.89,yes,kuperman
pecks,7.89,yes,kuperman-lemma
peg,6.83,yes,kuperman
pegs,6.83,yes,kuperman-lemma
pen,5.11,yes,kuperman
penny,4.67,yes,kuperman
pet,4.05,yes,kuperman
pete,,no,estimated:name
phil,,no,estimated:name
phone,4.11,yes,kuperman
pick,5.26,yes,kuperman
picked,5.26,yes,kuperman-lemma
picks,5.26,yes,kuperman-lemma
picture,4.05,yes,kuperman
pie,3.67,yes,kuperman
pig,3.84,yes,kuperman
pigs,3.84,yes,kuperman-lemma
pile,5.79,yes,kuperman
pill,6.06,yes,kuperman
pillow,3.47,yes,kuperman
pin,4.53,yes,kuperman
pine,5.53,yes,kuperman
pink,3.80,yes,kuperman
pins,4.53,yes,kuperman-lemma
pit,6.14,yes,kuperman
pitch,6.42,yes,kuperman
pitches,6.42,yes,kuperman-lemma
pitching,6.42,yes,kuperman-lemma
place,4.95,yes,kuperman
plain,7.37,yes,kuperman
plan,6.78,yes,kuperman
plate,3.84,yes,kuperman
play,4.10,yes,kuperman
plum,5.50,yes,kuperman
plus,6.37,no,kuperman
pod,7.95,no,kuperman
point,4.55,yes,kuperman
pole,5.63,yes,kuperman
pond,5.16,yes,kuperman
pool,5.15,yes,kuperman
pop,4.48,yes,kuperman
pops,4.48,yes,kuperman-lemma
post,8.11,yes,kuperman
pot,5.95,yes,kuperman
power,7.48,yes,kuperman
preheat,8.89,no,kuperman
proud,5.44,yes,kuperman
puck,7.79,no,kuperman
puff,6.44,yes,kuperman
pull,4.79,yes,kuperman
pulling,4.79,yes,kuperman-lemma
pulls,4.79,yes,kuperman-lemma
pump,6.06,yes,kuperman
pup,5.11,yes,kuperman
puppy,3.28,yes,kuperman
pups,5.11,yes,kuperman-lemma
quacks,5.25,yes,kuperman-lemma
queen,4.42,yes,kuperman
quit,5.26,yes,kuperman
race,6.00,yes,kuperman
rack,6.26,yes,kuperman
rag,5.22,yes,kuperman
rage,8.79,no,kuperman
rags,5.22,yes,kuperman-lemma
rain,3.60,yes,kuperman
raj,,no,estimated:name
rake,5.32,yes,kuperman
ram,8.32,yes,kuperman
ramp,7.28,no,kuperman
ran,4.47,yes,kuperman-lemma
rang,4.53,yes,kuperman-lemma
rash,5.78,no,kuperman
rat,5.11,yes,kuperman
ravi,,no,estimated:name
ray,6.73,yes,kuperman
reach,4.89,yes,kuperman
read,4.11,yes,kuperman
ready,5.53,yes,kuperman
red,3.68,yes,kuperman
redo,7.94,no,kuperman
reg,,no,estimated:name
rest,4.22,yes,kuperman
rested,4.22,yes,kuperman-lemma
resting,4.22,yes,kuperman-lemma
rex,,no,estimated:name
rich,6.32,yes,kuperman
rid,6.79,yes,kuperman
ride,4.67,yes,kuperman
rides,4.67,yes,kuperman-lemma
riding,4.67,yes,kuperman-lemma
rig,8.95,no,kuperman
right,4.35,yes,kuperman
rim,8.05,yes,kuperman
ring,4.53,yes,kuperman
rink,8.69,no,kuperman
rip,6.11,yes,kuperman
road,4.55,yes,kuperman
robot,5.35,no,kuperman
rock,3.22,yes,kuperman
rocks,3.22,yes,kuperman-lemma
rocky,3.22,yes,estimated:inflection
rod,7.42,no,kuperman
rode,4.67,yes,kuperman-lemma
roll,4.47,yes,kuperman
rolls,4.47,yes,kuperman-lemma
ron,,no,estimated:name
roof,5.00,yes,kuperman
room,4.22,yes,kuperman
root,5.94,yes,kuperman
rope,5.44,yes,kuperman
rosa,,no,estimated:name
rose,6.11,yes,kuperman
rot,7.57,yes,kuperman
round,4.75,yes,kuperman
rub,6.00,yes,kuperman
rubs,6.00,yes,kuperman-lemma
rude,7.11,no,kuperman
rug,4.61,yes,kuperman
run,4.47,yes,kuperman
running,4.47,yes,kuperman-lemma
runs,4.47,yes,kuperman-lemma
rust,7.75,yes,kuperman
rut,9.17,no,kuperman
s,,no,estimated:artifact
sack,5.83,yes,kuperman
sad,3.24,yes,kuperman
sadness,5.00,yes,kuperman
safe,5.11,yes,kuperman
sage,11.39,no,kuperman
said,3.42,yes,kuperman-lemma
sailor,6.44,yes,kuperman
sal,,no,estimated:name
sam,,no,estimated:name
same,5.62,yes,kuperman
sand,4.63,yes,kuperman
sang,3.47,yes,kuperman-lemma
sank,4.47,yes,kuperman-lemma
sat,3.47,yes,kuperman-lemma
save,5.44,yes,kuperman
saved,5.44,yes,kuperman-lemma
saw,5.36,yes,kuperman
say,3.42,yes,kuperman
scar,5.68,no,kuperman
school,3.89,yes,kuperman
score,5.83,yes,kuperman
sea,4.74,yes,kuperman
seat,4.58,yes,kuperman
see,3.06,yes,kuperman
self,5.00,yes,kuperman
sell,7.05,yes,kuperman
sells,7.05,yes,kuperman-lemma
send,5.68,yes,kuperman
sent,5.68,yes,kuperman-lemma
set,6.00,yes,kuperman
sets,6.00,yes,kuperman-lemma
shadow,5.00,yes,kuperman
shake,5.26,yes,kuperman
shark,5.47,no,kuperman
sharp,6.11,yes,kuperman
she,3.57,yes,kuperman
shed,7.33,yes,kuperman
shelf,5.50,yes,kuperman
shell,5.22,yes,kuperman
shells,5.22,yes,kuperman-lemma
shine,5.79,yes,kuperman
shining,7.00,yes,kuperman
ship,5.33,yes,kuperman
shipment,9.74,no,kuperman
shirt,3.53,yes,kuperman
shook,5.26,yes,kuperman-lemma
shop,5.78,yes,kuperman
shops,5.78,yes,kuperman-lemma
shore,6.93,yes,kuperman
short,4.32,yes,kuperman
shout,4.72,yes,kuperman
show,6.21,yes,kuperman
shower,4.72,yes,kuperman
shut,4.89,yes,kuperman
shuts,4.89,yes,kuperman-lemma
shy,5.32,yes,kuperman
sick,4.05,yes,kuperman
sid,,no,estimated:name
side,4.72,yes,kuperman
sigh,7.39,yes,kuperman
sight,5.44,yes,kuperman
sign,4.32,yes,kuperman
silent,4.42,yes,kuperman
silk,7.39,yes,kuperman
simple,6.89,yes,kuperman
sing,3.47,yes,kuperman
sings,3.47,yes,kuperman-lemma
sink,4.47,yes,kuperman
sip,4.26,yes,kuperman
sit,3.47,yes,kuperman
site,8.63,no,kuperman
sits,3.47,yes,kuperman-lemma
sitting,3.47,yes,kuperman-lemma
six,5.25,yes,kuperman
skate,5.37,yes,kuperman
sky,4.17,yes,kuperman
sled,4.89,yes,kuperman
sleep,2.79,yes,kuperman
slid,4.79,yes,kuperman-lemma
slide,4.79,yes,kuperman
sliding,4.79,yes,estimated:inflection
sling,8.67,yes,kuperman
slings,8.67,yes,kuperman-lemma
slip,6.17,yes,kuperman
slipped,6.17,yes,kuperman-lemma
slipping,6.17,yes,kuperman-lemma
slips,6.17,yes,kuperman-lemma
slow,4.15,yes,kuperman
slowly,6.32,yes,kuperman
small,3.22,yes,kuperman
smart,5.50,yes,kuperman
smile,3.51,yes,kuperman
smiling,3.51,yes,kuperman-lemma
smooth,5.61,yes,kuperman
snail,5.79,yes,kuperman
snake,5.10,yes,kuperman
snap,6.05,yes,kuperman
snapped,6.05,yes,kuperman-lemma
sniff,6.16,no,kuperman
sniffs,6.16,no,kuperman-lemma
snow,4.11,yes,kuperman
snug,6.38,yes,kuperman
so,5.15,yes,kuperman
soap,3.17,yes,kuperman
sob,9.00,yes,kuperman
sobs,9.00,yes,kuperman-lemma
sock,2.94,no,kuperman
socks,2.94,yes,kuperman-lemma
soft,3.95,yes,kuperman
softly,3.95,yes,estimated:inflection
soil,6.48,yes,kuperman
sold,7.05,yes,kuperman-lemma
song,4.26,yes,kuperman
soon,4.83,yes,kuperman
sort,6.81,yes,kuperman
sorts,6.81,yes,kuperman-lemma
sound,3.72,yes,kuperman
soup,5.37,yes,kuperman
south,6.06,yes,kuperman
space,5.67,yes,kuperman
spade,8.11,yes,kuperman
speak,3.56,yes,kuperman
spent,6.44,yes,kuperman-lemma
spill,3.84,yes,kuperman
spilled,3.84,yes,kuperman-lemma
spills,3.84,yes,kuperman-lemma
spin,5.00,yes,kuperman
splash,3.67,yes,kuperman
spoil,6.30,yes,kuperman
spoon,2.50,yes,kuperman
sport,5.74,yes,kuperman
spot,5.39,yes,kuperman
spotless,7.47,no,kuperman
spots,5.39,yes,kuperman-lemma
spread,5.72,yes,kuperman
spy,8.00,no,kuperman
stage,6.32,yes,kuperman
stamp,6.33,yes,kuperman
stand,4.39,yes,kuperman
star,3.89,yes,kuperman
start,4.37,yes,kuperman
started,4.37,yes,kuperman-lemma
starts,4.37,yes,kuperman-lemma
station,7.11,yes,kuperman
stay,4.22,yes,kuperman
steak,6.63,yes,kuperman
steam,6.26,yes,kuperman
stem,7.26,yes,kuperman
step,4.11,yes,kuperman
steps,3.67,yes,kuperman
stew,6.95,no,kuperman
stick,3.89,yes,kuperman
sticks,3.89,yes,kuperman-lemma
still,5.26,yes,kuperman
stone,4.44,yes,kuperman
stood,4.39,yes,kuperman-lemma
stop,2.89,yes,kuperman
stopped,2.89,yes,kuperman-lemma
stops,2.89,yes,kuperman-lemma
store,4.76,yes,kuperman
straw,4.22,yes,kuperman
string,4.94,yes,kuperman
strong,4.58,yes,kuperman
stub,9.47,no,kuperman
stuck,3.89,yes,kuperman-lemma
such,6.42,yes,kuperman
suit,6.67,yes,kuperman
sum,7.10,yes,kuperman
sun,3.40,yes,kuperman
sunny,6.17,yes,kuperman
sunset,6.06,yes,kuperman
surf,7.40,no,kuperman
swam,4.17,yes,kuperman-lemma
swear,7.21,yes,kuperman
sweat,7.26,yes,kuperman
sweet,4.53,yes,kuperman
swim,4.17,yes,kuperman
swimming,4.58,yes,kuperman
swing,4.16,yes,kuperman
table,4.39,yes,kuperman
tack,6.63,yes,kuperman
tag,5.00,yes,kuperman
take,4.37,yes,kuperman
taking,4.37,yes,kuperman-lemma
tall,4.95,yes,kuperman
tallest,4.95,yes,kuperman-lemma
tame,7.58,yes,kuperman
tan,7.05,yes,kuperman
tank,7.17,yes,kuperman
tap,5.84,yes,kuperman
tape,4.42,yes,kuperman
tapped,5.84,yes,kuperman-lemma
taps,8.90,yes,kuperman
taught,4.67,yes,kuperman-lemma
tax,8.94,yes,kuperman
tea,5.47,yes,kuperman
teach,4.67,yes,kuperman
team,6.00,yes,kuperman
tear,4.89,yes,kuperman
ted,,no,estimated:name
teeth,3.61,yes,kuperman-lemma
tell,4.26,yes,kuperman
tells,4.26,yes,kuperman-lemma
ten,3.58,yes,kuperman
tess,,no,estimated:name
test,6.26,yes,kuperman
text,7.78,no,kuperman
than,5.45,yes,kuperman
thank,3.79,yes,kuperman
thankful,5.50,yes,kuperman
thanks,3.53,yes,kuperman
that,5.53,yes,kuperman
the,3.98,yes,kuperman
their,5.26,yes,kuperman
them,4.90,yes,kuperman
then,6.74,yes,kuperman
there,5.25,yes,kuperman
these,6.42,yes,kuperman
they,4.88,yes,kuperman
thick,5.61,yes,kuperman
thin,6.47,yes,kuperman
thing,4.58,yes,kuperman
think,4.75,yes,kuperman
thinks,4.75,yes,kuperman-lemma
third,4.58,yes,kuperman
this,4.93,yes,kuperman
thorn,5.97,yes,kuperman
thorns,5.97,yes,kuperman-lemma
those,5.01,yes,kuperman
thought,5.89,yes,kuperman
thread,7.06,yes,kuperman
three,3.69,yes,kuperman
threw,4.14,yes,kuperman-lemma
throw,4.14,yes,kuperman
thumb,4.42,yes,kuperman
thump,7.63,no,kuperman
tick,6.05,yes,kuperman
tie,4.74,yes,kuperman
tied,4.74,yes,kuperman-lemma
tim,,no,estimated:name
time,5.16,yes,kuperman
times,6.70,yes,kuperman
tin,6.79,yes,kuperman
tip,5.42,yes,kuperman
tipped,5.42,yes,kuperman-lemma
tips,5.42,yes,kuperman-lemma
to,3.95,yes,kuperman
toad,6.11,yes,kuperman
today,4.77,yes,kuperman
toe,3.00,yes,kuperman
told,4.26,yes,kuperman-lemma
toll,8.37,no,kuperman
tom,,no,estimated:name
too,5.10,yes,kuperman
took,4.37,yes,kuperman-lemma
tool,5.37,yes,kuperman
tooth,3.61,yes,kuperman
toothless,6.47,no,kuperman
top,3.89,yes,kuperman
toss,4.11,yes,kuperman
tosses,4.11,yes,kuperman-lemma
tot,7.00,no,kuperman
tower,6.33,yes,kuperman
town,5.11,yes,kuperman
toy,3.00,yes,kuperman
train,4.00,yes,kuperman
trap,6.44,yes,kuperman
tray,6.05,yes,kuperman
tree,3.57,yes,kuperman
trick,6.05,yes,kuperman
tricycle,4.05,yes,kuperman
tried,3.44,yes,kuperman-lemma
trip,4.22,yes,kuperman
tripped,4.22,yes,kuperman-lemma
trips,4.22,yes,kuperman-lemma
truck,3.79,yes,kuperman
true,4.64,yes,kuperman
trunk,8.30,yes,kuperman
trust,6.55,yes,kuperman
try,3.44,yes,kuperman
tub,3.95,yes,kuperman
tube,5.50,no,kuperman
tug,5.17,yes,kuperman
tugs,5.17,yes,kuperman-lemma
tulip,7.15,yes,kuperman
tune,7.32,yes,kuperman
turn,4.11,yes,kuperman
turns,4.11,yes,kuperman-lemma
twig,6.28,yes,kuperman
two,4.24,yes,kuperman
under,5.89,yes,kuperman
undo,7.78,no,kuperman
unhappy,4.89,yes,kuperman
unicycle,7.26,no,kuperman
unlock,7.06,no,kuperman
unsafe,4.74,no,kuperman
up,2.92,yes,kuperman
upset,5.26,yes,kuperman
us,4.19,yes,kuperman
van,5.20,no,kuperman
vast,9.63,no,kuperman
vest,5.83,no,kuperman
vet,7.78,no,kuperman
vine,6.95,yes,kuperman
visitor,6.37,yes,kuperman
vote,7.79,yes,kuperman
wag,4.53,yes,kuperman
wags,4.53,yes,kuperman-lemma
wait,4.30,yes,kuperman
wake,5.63,yes,kuperman
walk,3.45,yes,kuperman
wall,3.79,yes,kuperman
want,4.16,yes,kuperman
wanted,4.16,yes,kuperman-lemma
wants,4.16,yes,kuperman-lemma
was,5.11,yes,kuperman-lemma
washable,7.67,no,kuperman
wave,4.26,yes,kuperman
wax,6.00,yes,kuperman
way,5.39,yes,kuperman
we,5.04,yes,kuperman
wear,4.63,yes,kuperman
weather,5.94,yes,kuperman
web,5.37,yes,kuperman
wed,6.95,no,kuperman
week,5.11,yes,kuperman
well,6.16,yes,kuperman
went,3.37,yes,kuperman-lemma
were,5.11,yes,kuperman-lemma
west,5.89,yes,kuperman
wet,2.47,yes,kuperman
wetter,2.47,yes,kuperman-lemma
wettest,2.47,yes,kuperman-lemma
what,3.86,yes,kuperman
wheel,4.40,yes,kuperman
wheels,4.40,yes,kuperman-lemma
when,4.24,yes,kuperman
where,4.09,yes,kuperman
which,6.58,yes,kuperman
while,7.06,yes,kuperman
whip,7.00,yes,kuperman
white,4.06,yes,kuperman
who,3.81,yes,kuperman
whole,6.89,yes,kuperman
why,3.97,yes,kuperman
wide,5.84,yes,kuperman
wig,5.63,no,kuperman
wild,6.11,yes,kuperman
will,7.53,yes,kuperman
win,4.22,yes,kuperman
wind,3.89,yes,kuperman
window,4.74,yes,kuperman
windy,5.39,yes,kuperman
wing,4.79,yes,kuperman
wink,7.65,yes,kuperman
wins,4.22,yes,kuperman-lemma
wish,3.79,yes,kuperman
wishes,3.79,yes,kuperman-lemma
witch,4.78,yes,kuperman
with,4.44,yes,kuperman
woke,5.63,yes,kuperman-lemma
wood,4.58,yes,kuperman
yam,8.34,no,kuperman
yams,8.34,no,kuperman-lemma
yard,3.94,yes,kuperman
year,5.24,yes,kuperman
yell,3.83,yes,kuperman
yelled,3.83,yes,kuperman-lemma
yelling,3.83,yes,kuperman-lemma
yellow,3.20,yes,kuperman
yells,3.83,yes,kuperman-lemma
yes,2.31,yes,kuperman
yet,6.96,yes,kuperman
you,4.35,yes,kuperman
your,4.10,yes,kuperman
youth,6.89,yes,kuperman
yum,,no,estimated:interjection
zac,,no,estimated:name
zag,,no,estimated:onomatopoeia
zap,6.56,no,kuperman
zig,,no,estimated:onomatopoeia
zip,5.30,no,kuperman
zips,5.30,no,kuperman-lemma
zoo,3.75,no,kuperman
